line_id,report_type,unit_id,org_id,sku,fnsku,fba_shipment_id,order_id,charge_type,quantity,amount_usd,posted_date
CHG-0001-1,inventory_adjustment,UNIT-0001,org_demo_alpha,SKU-TOWEL-BLU,X00DUMMY001,FBA-DUMMY-100,ORD-DUMMY-60001,lost_inbound,1,0.00,2026-07-15
CHG-0002-1,fee_report,UNIT-0002,org_demo_alpha,SKU-CANDLE-3,X00DUMMY002,FBA-DUMMY-100,ORD-DUMMY-60002,inbound_defect_fee,1,1.50,2026-07-15
CHG-0003-1,inventory_adjustment,UNIT-0003,org_demo_bravo,SKU-PUZZLE-500,X00DUMMY003,FBA-DUMMY-100,ORD-DUMMY-60003,lost_inbound,1,0.00,2026-07-15
CHG-0004-1,fee_report,UNIT-0004,org_demo_alpha,SKU-PROT-1KG,X00DUMMY004,FBA-DUMMY-100,ORD-DUMMY-60004,inbound_defect_fee,1,1.50,2026-07-15
CHG-0005-1,inventory_adjustment,UNIT-0005,org_demo_alpha,SKU-LEASH-6FT,X00DUMMY005,FBA-DUMMY-100,ORD-DUMMY-60005,lost_inbound,1,0.00,2026-07-15
CHG-0006-1,fee_report,UNIT-0006,org_demo_bravo,SKU-CABLE-USBC,X00DUMMY006,FBA-DUMMY-101,ORD-DUMMY-60006,inbound_defect_fee,1,2.00,2026-07-15
CHG-0007-1,fee_report,UNIT-0007,org_demo_alpha,SKU-CABLE-USBC,X00DUMMY007,FBA-DUMMY-100,ORD-DUMMY-60007,fulfilment_fee_weight_tier,1,4.50,2026-07-15
CHG-0008-1,fee_report,UNIT-0008,org_demo_alpha,SKU-BOTTLE-750,X00DUMMY008,FBA-DUMMY-101,ORD-DUMMY-60008,inbound_defect_fee,1,2.00,2026-07-15
CHG-0009-1,fee_report,UNIT-0009,org_demo_bravo,SKU-PUZZLE-500,X00DUMMY009,FBA-DUMMY-101,ORD-DUMMY-60009,refund_issued_item_not_returned,1,0.00,2026-07-15
CHG-0010-1,fee_report,UNIT-0010,org_demo_alpha,SKU-LAMP-LED,X00DUMMY010,FBA-DUMMY-101,ORD-DUMMY-60010,inbound_defect_fee,1,1.50,2026-07-15
CHG-0011-1,fee_report,UNIT-0011,org_demo_alpha,SKU-PUZZLE-500,X00DUMMY011,FBA-DUMMY-101,ORD-DUMMY-60011,fulfilment_fee_weight_tier,1,4.50,2026-07-15
CHG-0012-1,fee_report,UNIT-0012,org_demo_bravo,SKU-MUG-11,X00DUMMY012,FBA-DUMMY-101,ORD-DUMMY-60012,inbound_defect_fee,1,1.75,2026-07-15
CHG-0013-1,fee_report,UNIT-0013,org_demo_alpha,SKU-LEASH-6FT,X00DUMMY013,FBA-DUMMY-101,ORD-DUMMY-60013,fulfilment_fee_weight_tier,1,4.50,2026-07-15
CHG-0014-1,fee_report,UNIT-0014,org_demo_alpha,SKU-LAMP-LED,X00DUMMY014,FBA-DUMMY-101,ORD-DUMMY-60014,refund_issued_item_not_returned,1,0.00,2026-07-15
CHG-0015-1,fee_report,UNIT-0015,org_demo_bravo,SKU-MUG-11,X00DUMMY015,FBA-DUMMY-101,ORD-DUMMY-60015,fulfilment_fee_weight_tier,1,4.50,2026-07-15
CHG-0016-1,fee_report,UNIT-0016,org_demo_alpha,SKU-TOWEL-BLU,X00DUMMY016,FBA-DUMMY-103,ORD-DUMMY-60016,refund_issued_item_not_returned,1,0.00,2026-07-15
CHG-0017-1,inventory_adjustment,UNIT-0017,org_demo_alpha,SKU-CANDLE-3,X00DUMMY017,FBA-DUMMY-103,ORD-DUMMY-60017,lost_inbound,1,0.00,2026-07-15
CHG-0018-1,fee_report,UNIT-0018,org_demo_bravo,SKU-BOTTLE-750,X00DUMMY018,FBA-DUMMY-101,ORD-DUMMY-60018,refund_issued_item_not_returned,1,0.00,2026-07-15
CHG-0019-1,fee_report,UNIT-0019,org_demo_alpha,SKU-TOWEL-BLU,X00DUMMY019,FBA-DUMMY-103,ORD-DUMMY-60019,inbound_defect_fee,1,1.50,2026-07-15
CHG-0020-1,fee_report,UNIT-0020,org_demo_alpha,SKU-CABLE-USBC,X00DUMMY020,FBA-DUMMY-102,ORD-DUMMY-60020,inbound_defect_fee,1,1.75,2026-07-15
CHG-0021-1,inventory_adjustment,UNIT-0021,org_demo_bravo,SKU-PUZZLE-500,X00DUMMY021,FBA-DUMMY-104,ORD-DUMMY-60021,lost_inbound,1,0.00,2026-07-15
CHG-0022-1,inventory_adjustment,UNIT-0022,org_demo_alpha,SKU-SERUM-30,X00DUMMY022,FBA-DUMMY-104,ORD-DUMMY-60022,lost_inbound,1,0.00,2026-07-15
CHG-0023-1,fee_report,UNIT-0023,org_demo_alpha,SKU-PUZZLE-500,X00DUMMY023,FBA-DUMMY-104,ORD-DUMMY-60023,refund_issued_item_not_returned,1,0.00,2026-07-15
CHG-0024-1,fee_report,UNIT-0024,org_demo_bravo,SKU-BOTTLE-750,X00DUMMY024,FBA-DUMMY-102,ORD-DUMMY-60024,inbound_defect_fee,1,1.75,2026-07-15
CHG-0025-1,fee_report,UNIT-0025,org_demo_alpha,SKU-TOWEL-BLU,X00DUMMY025,FBA-DUMMY-102,ORD-DUMMY-60025,fulfilment_fee_weight_tier,1,4.50,2026-07-15
CHG-0026-1,fee_report,UNIT-0026,org_demo_alpha,SKU-BOTTLE-750,X00DUMMY026,FBA-DUMMY-102,ORD-DUMMY-60026,inbound_defect_fee,1,1.75,2026-07-15
CHG-0027-1,fee_report,UNIT-0027,org_demo_bravo,SKU-PUZZLE-500,X00DUMMY027,FBA-DUMMY-105,ORD-DUMMY-60027,refund_issued_item_not_returned,1,0.00,2026-07-15
CHG-0028-1,inventory_adjustment,UNIT-0028,org_demo_alpha,SKU-PROT-1KG,X00DUMMY028,FBA-DUMMY-105,ORD-DUMMY-60028,lost_inbound,1,0.00,2026-07-15
CHG-0029-1,fee_report,UNIT-0029,org_demo_alpha,SKU-TOWEL-BLU,X00DUMMY029,FBA-DUMMY-102,ORD-DUMMY-60029,fulfilment_fee_weight_tier,1,4.50,2026-07-15
CHG-0030-1,fee_report,UNIT-0030,org_demo_bravo,SKU-SERUM-30,X00DUMMY030,FBA-DUMMY-103,ORD-DUMMY-60030,inbound_defect_fee,1,1.50,2026-07-15
CHG-0031-1,fee_report,UNIT-0031,org_demo_alpha,SKU-CABLE-USBC,X00DUMMY031,FBA-DUMMY-103,ORD-DUMMY-60031,fulfilment_fee_weight_tier,1,4.50,2026-07-15
CHG-0032-1,inventory_adjustment,UNIT-0032,org_demo_alpha,SKU-CABLE-USBC,X00DUMMY032,FBA-DUMMY-106,ORD-DUMMY-60032,lost_inbound,1,0.00,2026-07-15
CHG-0033-1,inventory_adjustment,UNIT-0033,org_demo_bravo,SKU-PROT-1KG,X00DUMMY033,FBA-DUMMY-106,ORD-DUMMY-60033,lost_inbound,1,0.00,2026-07-15
CHG-0034-1,inventory_adjustment,UNIT-0034,org_demo_alpha,SKU-CANDLE-3,X00DUMMY034,FBA-DUMMY-106,ORD-DUMMY-60034,lost_inbound,1,0.00,2026-07-15
CHG-0035-1,inventory_adjustment,UNIT-0035,org_demo_alpha,SKU-CABLE-USBC,X00DUMMY035,FBA-DUMMY-103,ORD-DUMMY-60035,lost_inbound,1,0.00,2026-07-15
CHG-0036-1,fee_report,UNIT-0036,org_demo_bravo,SKU-PUZZLE-500,X00DUMMY036,FBA-DUMMY-103,ORD-DUMMY-60036,refund_issued_item_not_returned,1,0.00,2026-07-15
CHG-0037-1,inventory_adjustment,UNIT-0037,org_demo_alpha,SKU-BOTTLE-750,X00DUMMY037,FBA-DUMMY-107,ORD-DUMMY-60037,lost_inbound,1,0.00,2026-07-15
CHG-0038-1,fee_report,UNIT-0038,org_demo_alpha,SKU-PROT-1KG,X00DUMMY038,FBA-DUMMY-103,ORD-DUMMY-60038,refund_issued_item_not_returned,1,0.00,2026-07-15
CHG-0039-1,fee_report,UNIT-0039,org_demo_bravo,SKU-SERUM-30,X00DUMMY039,FBA-DUMMY-103,ORD-DUMMY-60039,refund_issued_item_not_returned,1,0.00,2026-07-15
CHG-0040-1,inventory_adjustment,UNIT-0040,org_demo_alpha,SKU-LEASH-6FT,X00DUMMY040,FBA-DUMMY-108,ORD-DUMMY-60040,damaged_in_warehouse,1,8.00,2026-07-15
CHG-0041-1,fee_report,UNIT-0041,org_demo_alpha,SKU-LEASH-6FT,X00DUMMY041,FBA-DUMMY-104,ORD-DUMMY-60041,refund_issued_item_not_returned,1,0.00,2026-07-15
CHG-0042-1,inventory_adjustment,UNIT-0042,org_demo_bravo,SKU-CABLE-USBC,X00DUMMY042,FBA-DUMMY-104,ORD-DUMMY-60042,damaged_in_warehouse,1,12.50,2026-07-15
CHG-0043-1,inventory_adjustment,UNIT-0043,org_demo_alpha,SKU-LAMP-LED,X00DUMMY043,FBA-DUMMY-108,ORD-DUMMY-60043,lost_inbound,1,0.00,2026-07-15
CHG-0044-1,inventory_adjustment,UNIT-0044,org_demo_alpha,SKU-CANDLE-3,X00DUMMY044,FBA-DUMMY-108,ORD-DUMMY-60044,lost_inbound,1,0.00,2026-07-15
CHG-0045-1,inventory_adjustment,UNIT-0045,org_demo_bravo,SKU-PUZZLE-500,X00DUMMY045,FBA-DUMMY-104,ORD-DUMMY-60045,damaged_in_warehouse,1,12.50,2026-07-15
CHG-0046-1,fee_report,UNIT-0046,org_demo_alpha,SKU-TOWEL-BLU,X00DUMMY046,FBA-DUMMY-104,ORD-DUMMY-60046,inbound_defect_fee,1,1.75,2026-07-15
CHG-0047-1,inventory_adjustment,UNIT-0047,org_demo_alpha,SKU-MUG-11,X00DUMMY047,FBA-DUMMY-109,ORD-DUMMY-60047,lost_inbound,1,0.00,2026-07-15
CHG-0048-1,fee_report,UNIT-0048,org_demo_bravo,SKU-CANDLE-3,X00DUMMY048,FBA-DUMMY-104,ORD-DUMMY-60048,refund_issued_item_not_returned,1,0.00,2026-07-15
CHG-0049-1,fee_report,UNIT-0049,org_demo_alpha,SKU-SERUM-30,X00DUMMY049,FBA-DUMMY-104,ORD-DUMMY-60049,fulfilment_fee_weight_tier,1,4.50,2026-07-15
CHG-0050-1,fee_report,UNIT-0050,org_demo_alpha,SKU-PUZZLE-500,X00DUMMY050,FBA-DUMMY-105,ORD-DUMMY-60050,refund_issued_item_not_returned,1,0.00,2026-07-15
CHG-0051-1,fee_report,UNIT-0051,org_demo_bravo,SKU-CABLE-USBC,X00DUMMY051,FBA-DUMMY-105,ORD-DUMMY-60051,fulfilment_fee_weight_tier,1,4.50,2026-07-15
CHG-0052-1,fee_report,UNIT-0052,org_demo_alpha,SKU-TOWEL-BLU,X00DUMMY052,FBA-DUMMY-105,ORD-DUMMY-60052,inbound_defect_fee,1,1.75,2026-07-15
CHG-0053-1,fee_report,UNIT-0053,org_demo_alpha,SKU-CABLE-USBC,X00DUMMY053,FBA-DUMMY-105,ORD-DUMMY-60053,fulfilment_fee_weight_tier,1,4.50,2026-07-15
CHG-0054-1,fee_report,UNIT-0054,org_demo_bravo,SKU-MUG-11,X00DUMMY054,FBA-DUMMY-110,ORD-DUMMY-60054,refund_issued_item_not_returned,1,0.00,2026-07-15
CHG-0055-1,fee_report,UNIT-0055,org_demo_alpha,SKU-MUG-11,X00DUMMY055,FBA-DUMMY-105,ORD-DUMMY-60055,fulfilment_fee_weight_tier,1,4.50,2026-07-15
CHG-0056-1,inventory_adjustment,UNIT-0056,org_demo_alpha,SKU-SERUM-30,X00DUMMY056,FBA-DUMMY-111,ORD-DUMMY-60056,lost_inbound,1,0.00,2026-07-15
CHG-0057-1,fee_report,UNIT-0057,org_demo_bravo,SKU-PROT-1KG,X00DUMMY057,FBA-DUMMY-111,ORD-DUMMY-60057,inbound_defect_fee,1,2.00,2026-07-15
CHG-0058-1,fee_report,UNIT-0058,org_demo_alpha,SKU-PUZZLE-500,X00DUMMY058,FBA-DUMMY-105,ORD-DUMMY-60058,inbound_defect_fee,1,2.00,2026-07-15
CHG-0059-1,inventory_adjustment,UNIT-0059,org_demo_alpha,SKU-CANDLE-3,X00DUMMY059,FBA-DUMMY-111,ORD-DUMMY-60059,lost_inbound,1,0.00,2026-07-15
CHG-0060-1,inventory_adjustment,UNIT-0060,org_demo_bravo,SKU-SERUM-30,X00DUMMY060,FBA-DUMMY-112,ORD-DUMMY-60060,lost_inbound,1,0.00,2026-07-15
